{ "Aberavon": "Wales",
  "Aberconwy": "Wales",
  "Aberdeen North": "Scotland",
  "Aberdeen South": "Scotland",
  "Aberdeenshire West & Kincardine": "Scotland",
  "Airdrie & Shotts": "Scotland",
  "Aldershot": "South East",
  "Aldridge-Brownhills": "West Midlands",
  "Altrincham & Sale West": "North West",
  "Alyn & Deeside": "Wales",
  "Amber Valley": "East Midlands",
  "Angus": "Scotland",
  "Antrim East": "Northern Ireland",
  "Antrim North": "Northern Ireland",
  "Antrim South": "Northern Ireland",
  "Arfon": "Wales",
  "Argyll & Bute": "Scotland",
  "Arundel & South Downs": "South East",
  "Ashfield": "East Midlands",
  "Ashford": "South East",
  "Ashton Under Lyne": "North West",
  "Aylesbury": "South East",
  "Ayr, Carrick & Cumnock": "Scotland",
  "Ayrshire Central": "Scotland",
  "Ayrshire North & Arran": "Scotland",
  "Banbury": "South East",
  "Banff & Buchan": "Scotland",
  "Barking": "London",
  "Barnsley Central": "Yorkshire & the Humber",
  "Barnsley East": "Yorkshire & the Humber",
  "Barrow & Furness": "North West",
  "Basildon & Billericay": "Eastern",
  "Basildon South & Thurrock East": "Eastern",
  "Basingstoke": "South East",
  "Bassetlaw": "East Midlands",
  "Bath": "South West",
  "Batley & Spen": "Yorkshire & the Humber",
  "Battersea": "London",
  "Beaconsfield": "South East",
  "Beckenham": "London",
  "Bedford": "Eastern",
  "Bedfordshire Mid": "Eastern",
  "Bedfordshire North East": "Eastern",
  "Bedfordshire South West": "Eastern",
  "Belfast East": "Northern Ireland",
  "Belfast North": "Northern Ireland",
  "Belfast South": "Northern Ireland",
  "Belfast West": "Northern Ireland",
  "Bermondsey & Old Southwark": "London",
  "Berwick-upon-Tweed": "North East",
  "Berwickshire, Roxburgh & Selkirk": "Scotland",
  "Bethnal Green & Bow": "London",
  "Beverley & Holderness": "Yorkshire & the Humber",
  "Bexhill & Battle": "South East",
  "Bexleyheath & Crayford": "London",
  "Birkenhead": "North West",
  "Birmingham Edgbaston": "West Midlands",
  "Birmingham Erdington": "West Midlands",
  "Birmingham Hall Green": "West Midlands",
  "Birmingham Hodge Hill": "West Midlands",
  "Birmingham Ladywood": "West Midlands",
  "Birmingham Northfield": "West Midlands",
  "Birmingham Perry Barr": "West Midlands",
  "Birmingham Selly Oak": "West Midlands",
  "Birmingham Yardley": "West Midlands",
  "Bishop Auckland": "North East",
  "Blackburn": "North West",
  "Blackley & Broughton": "North West",
  "Blackpool North & Cleveleys": "North West",
  "Blackpool South": "North West",
  "Blaenau Gwent": "Wales",
  "Blaydon": "North East",
  "Blyth Valley": "North East",
  "Bognor Regis & Littlehampton": "South East",
  "Bolsover": "East Midlands",
  "Bolton North East": "North West",
  "Bolton South East": "North West",
  "Bolton West": "North West",
  "Bootle": "North West",
  "Boston & Skegness": "East Midlands",
  "Bosworth": "East Midlands",
  "Bournemouth East": "South West",
  "Bournemouth West": "South West",
  "Bracknell": "South East",
  "Bradford East": "Yorkshire & the Humber",
  "Bradford South": "Yorkshire & the Humber",
  "Bradford West": "Yorkshire & the Humber",
  "Braintree": "Eastern",
  "Brecon & Radnorshire": "Wales",
  "Brent Central": "London",
  "Brent North": "London",
  "Brentford & Isleworth": "London",
  "Brentwood & Ongar": "Eastern",
  "Bridgend": "Wales",
  "Bridgwater & Somerset West": "South West",
  "Brigg & Goole": "Yorkshire & the Humber",
  "Brighton Kemptown": "South East",
  "Brighton Pavilion": "South East",
  "Bristol East": "South West",
  "Bristol North West": "South West",
  "Bristol South": "South West",
  "Bristol West": "South West",
  "Broadland": "Eastern",
  "Bromley & Chislehurst": "London",
  "Bromsgrove": "West Midlands",
  "Broxbourne": "Eastern",
  "Broxtowe": "East Midlands",
  "Buckingham": "South East",
  "Burnley": "North West",
  "Burton": "West Midlands",
  "Bury North": "North West",
  "Bury South": "North West",
  "Bury St Edmunds": "Eastern",
  "Caerphilly": "Wales",
  "Caithness, Sutherland & Easter Ross": "Scotland",
  "Calder Valley": "Yorkshire & the Humber",
  "Camberwell & Peckham": "London",
  "Camborne & Redruth": "South West",
  "Cambridge": "Eastern",
  "Cambridgeshire North East": "Eastern",
  "Cambridgeshire North West": "Eastern",
  "Cambridgeshire South East": "Eastern",
  "Cambridgeshire South": "Eastern",
  "Cannock Chase": "West Midlands",
  "Canterbury": "South East",
  "Cardiff Central": "Wales",
  "Cardiff North": "Wales",
  "Cardiff South & Penarth": "Wales",
  "Cardiff West": "Wales",
  "Carlisle": "North West",
  "Carmarthen East & Dinefwr": "Wales",
  "Carmarthen West & Pembrokeshire South": "Wales",
  "Carshalton & Wallington": "London",
  "Castle Point": "Eastern",
  "Ceredigion": "Wales",
  "Charnwood": "East Midlands",
  "Chatham & Aylesford": "South East",
  "Cheadle": "North West",
  "Chelmsford": "Eastern",
  "Chelsea & Fulham": "London",
  "Cheltenham": "South West",
  "Chesham & Amersham": "South East",
  "Chester, City of": "North West",
  "Chesterfield": "East Midlands",
  "Chichester": "South East",
  "Chingford & Woodford Green": "London",
  "Chippenham": "South West",
  "Chipping Barnet": "London",
  "Chorley": "North West",
  "Christchurch": "South West",
  "Cities of London & Westminster": "London",
  "Clacton": "Eastern",
  "Cleethorpes": "Yorkshire & the Humber",
  "Clwyd South": "Wales",
  "Clwyd West": "Wales",
  "Coatbridge, Chryston & Bellshill": "Scotland",
  "Colchester": "Eastern",
  "Colne Valley": "Yorkshire & the Humber",
  "Congleton": "North West",
  "Copeland": "North West",
  "Corby": "East Midlands",
  "Cornwall North": "South West",
  "Cornwall South East": "South West",
  "Cotswolds, The": "South West",
  "Coventry North East": "West Midlands",
  "Coventry North West": "West Midlands",
  "Coventry South": "West Midlands",
  "Crawley": "South East",
  "Crewe & Nantwich": "North West",
  "Croydon Central": "London",
  "Croydon North": "London",
  "Croydon South": "London",
  "Cumbernauld, Kilsyth & Kirkintilloch East": "Scotland",
  "Cynon Valley": "Wales",
  "Dagenham & Rainham": "London",
  "Darlington": "North East",
  "Dartford": "South East",
  "Daventry": "East Midlands",
  "Delyn": "Wales",
  "Denton & Reddish": "North West",
  "Derby North": "East Midlands",
  "Derby South": "East Midlands",
  "Derbyshire Dales": "East Midlands",
  "Derbyshire Mid": "East Midlands",
  "Derbyshire North East": "East Midlands",
  "Derbyshire South": "East Midlands",
  "Devizes": "South West",
  "Devon Central": "South West",
  "Devon East": "South West",
  "Devon North": "South West",
  "Devon South West": "South West",
  "Devon West & Torridge": "South West",
  "Dewsbury": "Yorkshire & the Humber",
  "Don Valley": "Yorkshire & the Humber",
  "Doncaster Central": "Yorkshire & the Humber",
  "Doncaster North": "Yorkshire & the Humber",
  "Dorset Mid & Poole North": "South West",
  "Dorset North": "South West",
  "Dorset South": "South West",
  "Dorset West": "South West",
  "Dover": "South East",
  "Down North": "Northern Ireland",
  "Down South": "Northern Ireland",
  "Dudley North": "West Midlands",
  "Dudley South": "West Midlands",
  "Dulwich & West Norwood": "London",
  "Dumfries & Galloway": "Scotland",
  "Dumfriesshire, Clydesdale & Tweeddale": "Scotland",
  "Dunbartonshire East": "Scotland",
  "Dunbartonshire West": "Scotland",
  "Dundee East": "Scotland",
  "Dundee West": "Scotland",
  "Dunfermline & Fife West": "Scotland",
  "Durham North West": "North East",
  "Durham North": "North East",
  "Durham, City of": "North East",
  "Dwyfor Meirionnydd": "Wales",
  "Ealing Central & Acton": "London",
  "Ealing North": "London",
  "Ealing Southall": "London",
  "Easington": "North East",
  "East Ham": "London",
  "East Kilbride, Strathaven & Lesmahagow": "Scotland",
  "East Lothian": "Scotland",
  "Eastbourne": "South East",
  "Eastleigh": "South East",
  "Eddisbury": "North West",
  "Edinburgh East": "Scotland",
  "Edinburgh North & Leith": "Scotland",
  "Edinburgh South West": "Scotland",
  "Edinburgh South": "Scotland",
  "Edinburgh West": "Scotland",
  "Edmonton": "London",
  "Ellesmere Port & Neston": "North West",
  "Elmet & Rothwell": "Yorkshire & the Humber",
  "Eltham": "London",
  "Enfield North": "London",
  "Enfield Southgate": "London",
  "Epping Forest": "Eastern",
  "Epsom & Ewell": "South East",
  "Erewash": "East Midlands",
  "Erith & Thamesmead": "London",
  "Esher & Walton": "South East",
  "Exeter": "South West",
  "Falkirk": "Scotland",
  "Fareham": "South East",
  "Faversham & Kent Mid": "South East",
  "Feltham & Heston": "London",
  "Fermanagh & South Tyrone": "Northern Ireland",
  "Fife North East": "Scotland",
  "Filton & Bradley Stoke": "South West",
  "Finchley & Golders Green": "London",
  "Folkestone & Hythe": "South East",
  "Forest of Dean": "South West",
  "Foyle": "Northern Ireland",
  "Fylde": "North West",
  "Gainsborough": "East Midlands",
  "Garston & Halewood": "North West",
  "Gateshead": "North East",
  "Gedling": "East Midlands",
  "Gillingham & Rainham": "South East",
  "Glasgow Central": "Scotland",
  "Glasgow East": "Scotland",
  "Glasgow North East": "Scotland",
  "Glasgow North West": "Scotland",
  "Glasgow North": "Scotland",
  "Glasgow South West": "Scotland",
  "Glasgow South": "Scotland",
  "Glenrothes": "Scotland",
  "Gloucester": "South West",
  "Gordon": "Scotland",
  "Gosport": "South East",
  "Gower": "Wales",
  "Grantham & Stamford": "East Midlands",
  "Gravesham": "South East",
  "Great Grimsby": "Yorkshire & the Humber",
  "Great Yarmouth": "Eastern",
  "Greenwich & Woolwich": "London",
  "Guildford": "South East",
  "Hackney North & Stoke Newington": "London",
  "Hackney South & Shoreditch": "London",
  "Halesowen & Rowley Regis": "West Midlands",
  "Halifax": "Yorkshire & the Humber",
  "Haltemprice & Howden": "Yorkshire & the Humber",
  "Halton": "North West",
  "Hammersmith": "London",
  "Hampshire East": "South East",
  "Hampshire North East": "South East",
  "Hampshire North West": "South East",
  "Hampstead & Kilburn": "London",
  "Harborough": "East Midlands",
  "Harlow": "Eastern",
  "Harrogate & Knaresborough": "Yorkshire & the Humber",
  "Harrow East": "London",
  "Harrow West": "London",
  "Hartlepool": "North East",
  "Harwich & Essex North": "Eastern",
  "Hastings & Rye": "South East",
  "Havant": "South East",
  "Hayes & Harlington": "London",
  "Hazel Grove": "North West",
  "Hemel Hempstead": "Eastern",
  "Hemsworth": "Yorkshire & the Humber",
  "Hendon": "London",
  "Henley": "South East",
  "Hereford & Herefordshire South": "West Midlands",
  "Herefordshire North": "West Midlands",
  "Hertford & Stortford": "Eastern",
  "Hertfordshire North East": "Eastern",
  "Hertfordshire South West": "Eastern",
  "Hertsmere": "Eastern",
  "Hexham": "North East",
  "Heywood & Middleton": "North West",
  "High Peak": "East Midlands",
  "Hitchin & Harpenden": "Eastern",
  "Holborn & St Pancras": "London",
  "Hornchurch & Upminster": "London",
  "Hornsey & Wood Green": "London",
  "Horsham": "South East",
  "Houghton & Sunderland South": "North East",
  "Hove": "South East",
  "Huddersfield": "Yorkshire & the Humber",
  "Hull East": "Yorkshire & the Humber",
  "Hull North": "Yorkshire & the Humber",
  "Hull West & Hessle": "Yorkshire & the Humber",
  "Huntingdon": "Eastern",
  "Hyndburn": "North West",
  "Ilford North": "London",
  "Ilford South": "London",
  "Inverclyde": "Scotland",
  "Inverness, Nairn, Badenoch & Strathspey": "Scotland",
  "Ipswich": "Eastern",
  "Isle of Wight": "South East",
  "Islington North": "London",
  "Islington South & Finsbury": "London",
  "Islwyn": "Wales",
  "Jarrow": "North East",
  "Keighley": "Yorkshire & the Humber",
  "Kenilworth & Southam": "West Midlands",
  "Kensington": "London",
  "Kettering": "East Midlands",
  "Kilmarnock & Loudoun": "Scotland",
  "Kingston & Surbiton": "London",
  "Kingswood": "South West",
  "Kirkcaldy & Cowdenbeath": "Scotland",
  "Knowsley": "North West",
  "Lagan Valley": "Northern Ireland",
  "Lanark & Hamilton East": "Scotland",
  "Lancashire West": "North West",
  "Lancaster & Fleetwood": "North West",
  "Leeds Central": "Yorkshire & the Humber",
  "Leeds East": "Yorkshire & the Humber",
  "Leeds North East": "Yorkshire & the Humber",
  "Leeds North West": "Yorkshire & the Humber",
  "Leeds West": "Yorkshire & the Humber",
  "Leicester East": "East Midlands",
  "Leicester South": "East Midlands",
  "Leicester West": "East Midlands",
  "Leicestershire North West": "East Midlands",
  "Leicestershire South": "East Midlands",
  "Leigh": "North West",
  "Lewes": "South East",
  "Lewisham Deptford": "London",
  "Lewisham East": "London",
  "Lewisham West & Penge": "London",
  "Leyton & Wanstead": "London",
  "Lichfield": "West Midlands",
  "Lincoln": "East Midlands",
  "Linlithgow & Falkirk East": "Scotland",
  "Liverpool Riverside": "North West",
  "Liverpool Walton": "North West",
  "Liverpool Wavertree": "North West",
  "Liverpool West Derby": "North West",
  "Livingston": "Scotland",
  "Llanelli": "Wales",
  "Londonderry East": "Northern Ireland",
  "Loughborough": "East Midlands",
  "Louth & Horncastle": "East Midlands",
  "Ludlow": "West Midlands",
  "Luton North": "Eastern",
  "Luton South": "Eastern",
  "Macclesfield": "North West",
  "Maidenhead": "South East",
  "Maidstone & The Weald": "South East",
  "Makerfield": "North West",
  "Maldon": "Eastern",
  "Manchester Central": "North West",
  "Manchester Gorton": "North West",
  "Manchester Withington": "North West",
  "Mansfield": "East Midlands",
  "Meon Valley": "South East",
  "Meriden": "West Midlands",
  "Merthyr Tydfil & Rhymney": "Wales",
  "Middlesbrough South & Cleveland East": "North East",
  "Middlesbrough": "North East",
  "Midlothian": "Scotland",
  "Milton Keynes North": "South East",
  "Milton Keynes South": "South East",
  "Mitcham & Morden": "London",
  "Mole Valley": "South East",
  "Monmouth": "Wales",
  "Montgomeryshire": "Wales",
  "Moray": "Scotland",
  "Morecambe & Lunesdale": "North West",
  "Morley & Outwood": "Yorkshire & the Humber",
  "Motherwell & Wishaw": "Scotland",
  "Na h-Eileanan an Iar": "Scotland",
  "Neath": "Wales",
  "New Forest East": "South East",
  "New Forest West": "South East",
  "Newark": "East Midlands",
  "Newbury": "South East",
  "Newcastle upon Tyne Central": "North East",
  "Newcastle upon Tyne East": "North East",
  "Newcastle upon Tyne North": "North East",
  "Newcastle-under-Lyme": "West Midlands",
  "Newport East": "Wales",
  "Newport West": "Wales",
  "Newry & Armagh": "Northern Ireland",
  "Newton Abbot": "South West",
  "Norfolk Mid": "Eastern",
  "Norfolk North West": "Eastern",
  "Norfolk North": "Eastern",
  "Norfolk South West": "Eastern",
  "Norfolk South": "Eastern",
  "Normanton, Pontefract & Castleford": "Yorkshire & the Humber",
  "Northampton North": "East Midlands",
  "Northampton South": "East Midlands",
  "Northamptonshire South": "East Midlands",
  "Norwich North": "Eastern",
  "Norwich South": "Eastern",
  "Nottingham East": "East Midlands",
  "Nottingham North": "East Midlands",
  "Nottingham South": "East Midlands",
  "Nuneaton": "West Midlands",
  "Ochil & Perthshire South": "Scotland",
  "Ogmore": "Wales",
  "Old Bexley & Sidcup": "London",
  "Oldham East & Saddleworth": "North West",
  "Oldham West & Royton": "North West",
  "Orkney & Shetland": "Scotland",
  "Orpington": "London",
  "Oxford East": "South East",
  "Oxford West & Abingdon": "South East",
  "Paisley & Renfrewshire North": "Scotland",
  "Paisley & Renfrewshire South": "Scotland",
  "Pendle": "North West",
  "Penistone & Stocksbridge": "Yorkshire & the Humber",
  "Penrith & The Border": "North West",
  "Perth & Perthshire North": "Scotland",
  "Peterborough": "Eastern",
  "Plymouth Moor View": "South West",
  "Plymouth Sutton & Devonport": "South West",
  "Pontypridd": "Wales",
  "Poole": "South West",
  "Poplar & Limehouse": "London",
  "Portsmouth North": "South East",
  "Portsmouth South": "South East",
  "Preseli Pembrokeshire": "Wales",
  "Preston": "North West",
  "Pudsey": "Yorkshire & the Humber",
  "Putney": "London",
  "Rayleigh & Wickford": "Eastern",
  "Reading East": "South East",
  "Reading West": "South East",
  "Redcar": "North East",
  "Redditch": "West Midlands",
  "Reigate": "South East",
  "Renfrewshire East": "Scotland",
  "Rhondda": "Wales",
  "Ribble Valley": "North West",
  "Richmond (Yorks)": "Yorkshire & the Humber",
  "Richmond Park": "London",
  "Rochdale": "North West",
  "Rochester & Strood": "South East",
  "Rochford & Southend East": "Eastern",
  "Romford": "London",
  "Romsey & Southampton North": "South East",
  "Ross, Skye & Lochaber": "Scotland",
  "Rossendale & Darwen": "North West",
  "Rother Valley": "Yorkshire & the Humber",
  "Rotherham": "Yorkshire & the Humber",
  "Rugby": "West Midlands",
  "Ruislip, Northwood & Pinner": "London",
  "Runnymede & Weybridge": "South East",
  "Rushcliffe": "East Midlands",
  "Rutherglen & Hamilton West": "Scotland",
  "Rutland & Melton": "East Midlands",
  "Saffron Walden": "Eastern",
  "Salford & Eccles": "North West",
  "Salisbury": "South West",
  "Scarborough & Whitby": "Yorkshire & the Humber",
  "Scunthorpe": "Yorkshire & the Humber",
  "Sedgefield": "North East",
  "Sefton Central": "North West",
  "Selby & Ainsty": "Yorkshire & the Humber",
  "Sevenoaks": "South East",
  "Sheffield Brightside & Hillsborough": "Yorkshire & the Humber",
  "Sheffield Central": "Yorkshire & the Humber",
  "Sheffield Hallam": "Yorkshire & the Humber",
  "Sheffield Heeley": "Yorkshire & the Humber",
  "Sheffield South East": "Yorkshire & the Humber",
  "Sherwood": "East Midlands",
  "Shipley": "Yorkshire & the Humber",
  "Shrewsbury & Atcham": "West Midlands",
  "Shropshire North": "West Midlands",
  "Sittingbourne & Sheppey": "South East",
  "Skipton & Ripon": "Yorkshire & the Humber",
  "Sleaford & North Hykeham": "East Midlands",
  "Slough": "South East",
  "Solihull": "West Midlands",
  "Somerset North East": "South West",
  "Somerset North": "South West",
  "Somerton & Frome": "South West",
  "South Holland & The Deepings": "East Midlands",
  "South Ribble": "North West",
  "South Shields": "North East",
  "Southampton Itchen": "South East",
  "Southampton Test": "South East",
  "Southend West": "Eastern",
  "Southport": "North West",
  "Spelthorne": "South East",
  "St Albans": "Eastern",
  "St Austell & Newquay": "South West",
  "St Helens North": "North West",
  "St Helens South & Whiston": "North West",
  "St Ives": "South West",
  "Stafford": "West Midlands",
  "Staffordshire Moorlands": "West Midlands",
  "Staffordshire South": "West Midlands",
  "Stalybridge & Hyde": "North West",
  "Stevenage": "Eastern",
  "Stirling": "Scotland",
  "Stockport": "North West",
  "Stockton North": "North East",
  "Stockton South": "North East",
  "Stoke-on-Trent Central": "West Midlands",
  "Stoke-on-Trent North": "West Midlands",
  "Stoke-on-Trent South": "West Midlands",
  "Stone": "West Midlands",
  "Stourbridge": "West Midlands",
  "Strangford": "Northern Ireland",
  "Stratford-on-Avon": "West Midlands",
  "Streatham": "London",
  "Stretford & Urmston": "North West",
  "Stroud": "South West",
  "Suffolk Central & Ipswich North": "Eastern",
  "Suffolk Coastal": "Eastern",
  "Suffolk South": "Eastern",
  "Suffolk West": "Eastern",
  "Sunderland Central": "North East",
  "Surrey East": "South East",
  "Surrey Heath": "South East",
  "Surrey South West": "South East",
  "Sussex Mid": "South East",
  "Sutton & Cheam": "London",
  "Sutton Coldfield": "West Midlands",
  "Swansea East": "Wales",
  "Swansea West": "Wales",
  "Swindon North": "South West",
  "Swindon South": "South West",
  "Tamworth": "West Midlands",
  "Tatton": "North West",
  "Taunton Deane": "South West",
  "Telford": "West Midlands",
  "Tewkesbury": "South West",
  "Thanet North": "South East",
  "Thanet South": "South East",
  "Thirsk & Malton": "Yorkshire & the Humber",
  "Thornbury & Yate": "South West",
  "Thurrock": "Eastern",
  "Tiverton & Honiton": "South West",
  "Tonbridge & Malling": "South East",
  "Tooting": "London",
  "Torbay": "South West",
  "Torfaen": "Wales",
  "Totnes": "South West",
  "Tottenham": "London",
  "Truro & Falmouth": "South West",
  "Tunbridge Wells": "South East",
  "Twickenham": "London",
  "Tynemouth": "North East",
  "Tyneside North": "North East",
  "Tyrone West": "Northern Ireland",
  "Ulster Mid": "Northern Ireland",
  "Upper Bann": "Northern Ireland",
  "Uxbridge & Ruislip South": "London",
  "Vale of Clwyd": "Wales",
  "Vale of Glamorgan": "Wales",
  "Vauxhall": "London",
  "Wakefield": "Yorkshire & the Humber",
  "Wallasey": "North West",
  "Walsall North": "West Midlands",
  "Walsall South": "West Midlands",
  "Walthamstow": "London",
  "Wansbeck": "North East",
  "Wantage": "South East",
  "Warley": "West Midlands",
  "Warrington North": "North West",
  "Warrington South": "North West",
  "Warwick & Leamington": "West Midlands",
  "Warwickshire North": "West Midlands",
  "Washington & Sunderland West": "North East",
  "Watford": "Eastern",
  "Waveney": "Eastern",
  "Wealden": "South East",
  "Weaver Vale": "North West",
  "Wellingborough": "East Midlands",
  "Wells": "South West",
  "Welwyn Hatfield": "Eastern",
  "Wentworth & Dearne": "Yorkshire & the Humber",
  "West Bromwich East": "West Midlands",
  "West Bromwich West": "West Midlands",
  "West Ham": "London",
  "Westminster North": "London",
  "Westmorland & Lonsdale": "North West",
  "Weston-Super-Mare": "South West",
  "Wigan": "North West",
  "Wiltshire North": "South West",
  "Wiltshire South West": "South West",
  "Wimbledon": "London",
  "Winchester": "South East",
  "Windsor": "South East",
  "Wirral South": "North West",
  "Wirral West": "North West",
  "Witham": "Eastern",
  "Witney": "South East",
  "Woking": "South East",
  "Wokingham": "South East",
  "Wolverhampton North East": "West Midlands",
  "Wolverhampton South East": "West Midlands",
  "Wolverhampton South West": "West Midlands",
  "Worcester": "West Midlands",
  "Worcestershire Mid": "West Midlands",
  "Worcestershire West": "West Midlands",
  "Workington": "North West",
  "Worsley & Eccles South": "North West",
  "Worthing East & Shoreham": "South East",
  "Worthing West": "South East",
  "Wrekin, The": "West Midlands",
  "Wrexham": "Wales",
  "Wycombe": "South East",
  "Wyre & Preston North": "North West",
  "Wyre Forest": "West Midlands",
  "Wythenshawe & Sale East": "North West",
  "Yeovil": "South West",
  "Ynys Môn": "Wales",
  "York Central": "Yorkshire & the Humber",
  "York Outer": "Yorkshire & the Humber",
  "Yorkshire East": "Yorkshire & the Humber" }
